{
    "avg_reward": [
        1647.1600000000115,
        1592.9550000000158,
        1945.6900000000091,
        1401.089999999992,
        1390.2349999999944,
        1229.2700000000011,
        1479.8999999999987
    ],
    "successful_pushes": [
        149.2,
        146.8,
        174.2,
        142.7,
        134.1,
        118.9,
        121.1
    ],
    "collisions": [
        125.4,
        129.8,
        158.4,
        119.1,
        108.3,
        83.6,
        102.9
    ],
    "goals_reached": [
        6,
        6,
        9,
        5,
        4,
        6,
        8
    ],
    "box_detected": [
        274.8,
        268.4,
        305.3,
        238.6,
        243.8,
        188.1,
        220.9
    ],
    "train_loss": [
        2.1641580863131415,
        1014.2050284666467,
        1138.8959249371574,
        767.0911842033511,
        370.70714305463383,
        198.39619482946534,
        247.29362234494366,
        384.878909700511,
        400.3077437778689,
        487.78157596688,
        605.976869370075,
        651.6063394227097,
        715.154724657043,
        729.4166792656487,
        1520.900738869944,
        1217.9760555625578,
        1410.2442980016617,
        1881.5347948609567,
        1712.2886213219683,
        1719.4953366250572,
        2084.8144444155823,
        2195.8087092442297,
        2217.270723576168,
        2566.7443506021414,
        2723.6650177558918,
        2563.0957654599792,
        2780.071961906789,
        2738.3244677900125,
        2945.0041397870596,
        2701.231768636804,
        2323.8936588347906,
        2402.394169350193,
        2227.460612336416,
        2198.168913937241,
        1946.3103879267014,
        1963.8092286644912,
        1953.8970009358725,
        1851.7460798783736,
        1813.3176266911519,
        1457.4261484311496,
        1470.4469759787282,
        1449.4028174024108,
        1531.232141681124,
        1517.3570354495428,
        1428.5969567890315,
        1537.1792336074657,
        1569.175884009294,
        1632.0066299623657,
        1457.1898935106065,
        1741.5818339049933,
        1888.2874954636034,
        1660.6440340351016,
        1574.8043594519963
    ],
    "train_avg_Q": [
        1.6773045596149232,
        7.700105353099544,
        11.713741653022312,
        18.74097514543377,
        19.531975144245585,
        11.080180588741774,
        15.922836796189031,
        19.663639878763735,
        21.545345398165146,
        20.9604061211591,
        21.862667950226907,
        19.789522851625698,
        19.770621322567468,
        1.0625051657403766,
        -4.834899801039888,
        -7.32520053657954,
        -13.51456533801707,
        -18.934311059907042,
        -18.038991667006325,
        -23.8635418435229,
        -30.408791814492965,
        -34.92933277896981,
        -39.07368109494948,
        -41.92521556162201,
        -48.949715105626865,
        -46.98785985310872,
        -47.68714609903766,
        -51.4289134851279,
        -53.47659768088389,
        -59.649858071224,
        -64.67710941388704,
        -66.03704687667219,
        -63.33893913390145,
        -64.31943622042365,
        -63.33764666234262,
        -64.11343535756677,
        -63.209214986165364,
        -63.86634505975126,
        -62.75034272986722,
        -62.33969806384489,
        -63.15991450484081,
        -62.68327475031582,
        -62.838812294720114,
        -65.23604886215345,
        -59.80328970177229,
        -56.45862048807302,
        -52.139308498694554,
        -46.88664916572447,
        -43.965939627753365,
        -42.63903999391067,
        -40.028017657511946,
        -40.65258665338171,
        -40.35689586176533
    ],
    "train_max_Q": [
        8.717252731323242,
        500.0,
        500.0,
        500.0,
        500.0,
        500.0,
        500.0,
        500.0,
        500.0,
        500.0,
        500.0,
        500.0,
        500.0,
        500.0,
        500.0,
        500.0,
        500.0,
        500.0,
        500.0,
        500.0,
        500.0,
        500.0,
        500.0,
        500.0,
        500.0,
        500.0,
        500.0,
        500.0,
        500.0,
        500.0,
        500.0,
        500.0,
        500.0,
        500.0,
        500.0,
        500.0,
        500.0,
        500.0,
        500.0,
        500.0,
        500.0,
        500.0,
        500.0,
        500.0,
        500.0,
        500.0,
        500.0,
        500.0,
        500.0,
        500.0,
        500.0,
        500.0,
        500.0
    ]
}