{
    "avg_reward": [
        42.955000000000155,
        21.989999999999974,
        54.049999999999514,
        177.3099999999948,
        164.849999999996,
        174.63499999999448
    ],
    "successful_pushes": [
        0.0,
        0.0,
        1.5,
        0.0,
        0.0,
        0.0
    ],
    "collisions": [
        0.0,
        0.0,
        0.9,
        0.0,
        0.0,
        0.0
    ],
    "goals_reached": [
        0,
        0,
        0,
        0,
        0,
        0
    ],
    "box_detected": [
        12.3,
        6.6,
        15.9,
        59.9,
        57.0,
        59.1
    ],
    "train_loss": [
        0,
        3.039428968913853,
        1.261103570633541,
        0.9716736471947328,
        1.0239623908338875,
        1.1630266626675925,
        1.0002833236640656,
        1.0542305719695593,
        1.3293127316204902,
        2.3635405701760477,
        2.0696713603807217,
        2.3202858810563463,
        2.4370475901497737,
        2.33451595039713,
        2.557858393950896,
        2.198446616876957,
        2.4718265323031443,
        4.841394534955422,
        2.43616714455526,
        2.9825977855818424,
        2.525285741982415,
        2.676021778649183,
        5.000206595117396,
        3.8580216565065912,
        3.812310911931767,
        2.9144841832681916,
        2.663783956733015,
        3.7008686308798038,
        4.035797814820678,
        3.095370493618385,
        1.949476991380964,
        2.6825344663459894,
        2.438241978913411,
        1.942892900086008,
        4.098733903928881,
        1.6416974941889444,
        1.9856335736251065,
        3.216207354874691,
        2.03799889665097,
        2.8056593239307404,
        2.34962719542117,
        2.960863106697798,
        3.612906909299633,
        3.071618898197858,
        2.0141908546288807,
        2.3110534833236174,
        3.450790169762402,
        3.309959264084076,
        3.6852323824396502,
        2.3974802575511744,
        3.5143626831035983,
        3.024434369606232,
        3.3743203704672977,
        1.7122677431907505,
        1.9288861247366422,
        2.038484901562333,
        3.6705963729635664,
        3.3813267029027507,
        2.3749451060657916,
        4.806572399856079,
        3.6986907848290036,
        2.5857918140353617,
        2.0768299693378007,
        2.3475880290330187,
        2.5141517868350176,
        1.9102035275496103,
        2.340882395172403,
        1.6905253429127776,
        1.6979632813756058,
        1.9219498421074985,
        1.8244845908549097,
        3.3069946126026264,
        1.9035352159099763,
        2.344736286683391,
        2.0335266085198787,
        1.8433187645342615,
        2.2292243866693404,
        1.7279143419306158,
        2.568780341569115,
        1.675228151785476,
        1.779700229789792,
        1.8566455220182736,
        2.0570316542353897,
        1.7907039326404766,
        1.6685194999903257,
        2.9561139628363464,
        1.7566659549872081,
        1.659052832123429,
        1.4558606625280597,
        2.410784280137806,
        1.7074886116982047,
        1.905249495887094,
        2.0434700623994067,
        1.7628458313529893,
        2.3928240360592,
        1.7302129074931145,
        1.901069667287148,
        1.7383817612038304,
        2.0164511154827505,
        1.9628665624186397,
        1.839488280541969,
        2.384010833242665,
        2.1789120682632994,
        1.4630798708625832,
        1.55360101934137,
        1.9211868495891664,
        2.1811261962155823,
        1.8792413792769018,
        1.9331802118482633,
        2.0709671433765493,
        1.939642739994774,
        1.9162256733197278,
        2.2204849153037913
    ],
    "train_avg_Q": [
        0,
        1.9124309219419957,
        1.3094940286323515,
        1.470068453270712,
        1.6716810177112449,
        1.456028515762753,
        1.061383068561554,
        1.1996937147096585,
        0.903637520205427,
        0.27584184669792844,
        0.14152670760798935,
        0.30815174296449765,
        0.35900576735536255,
        0.31895672769270955,
        0.18437599100765178,
        0.1490170027584184,
        0.26335105486568544,
        0.44154827188079554,
        0.3560633466325023,
        0.4517793108773273,
        0.43421644251793623,
        0.48104036448102344,
        0.679724162275141,
        0.5650770667526457,
        0.5163249254982043,
        0.44666869136003345,
        0.4635905896623929,
        0.5400387589868746,
        0.5537554836617067,
        0.5262002899961652,
        0.5413998288767679,
        0.5671320848686751,
        0.5600391567023092,
        0.4664615749691923,
        0.5810788039650235,
        0.48046312663290236,
        0.6015951903341533,
        0.641573297541316,
        0.5512272845953703,
        0.533887694505128,
        0.5785380054164577,
        0.5662739826573266,
        0.48474508788594867,
        0.523941459228294,
        0.5407194256782532,
        0.5508615306832574,
        0.6800663064165813,
        0.7007837023651391,
        0.7363240879315597,
        0.7811703588589128,
        0.7994319714130239,
        0.7961881870669978,
        0.8711626904565584,
        0.8363143603006998,
        0.8861153656489229,
        0.851957629621029,
        0.9015438123753197,
        0.9632978693527334,
        0.9844766116660574,
        1.0274362237680525,
        1.0199278862703414,
        1.015713551917027,
        1.0012873222188252,
        0.9861663473895722,
        1.017795026844198,
        0.9943568163058337,
        1.0715444993405114,
        1.084972211200258,
        1.0944359811340891,
        1.1182210452334826,
        1.1386271450254652,
        1.121858091915355,
        1.1907446660539682,
        1.1852793942951987,
        1.3172909338139542,
        1.4320938050011058,
        1.450505208401453,
        1.4652653104167874,
        1.4368007533690508,
        1.451847199031285,
        1.516315503655193,
        1.580955492125617,
        1.5906861921151478,
        1.5602679612501613,
        1.5647320854859275,
        1.606518787087746,
        1.6208603978157043,
        1.641128187244003,
        1.671595643867146,
        1.6786767823828592,
        1.655288537343343,
        1.711812795864211,
        1.759922569797885,
        1.8179532435475563,
        1.8471520293143489,
        1.8314390778541565,
        1.9077370576294677,
        2.000727834800879,
        2.037406845475143,
        2.033068846911192,
        2.035350344397805,
        2.0515590828398,
        2.121926879601374,
        2.1073541779850804,
        2.1349365546785553,
        2.206498263941871,
        2.282044402190617,
        2.419795063986478,
        2.7162302315737894,
        2.988362014410086,
        3.2145974639697594,
        3.3112849310093884,
        3.5538130545917945
    ],