{
    "avg_reward": [
        195.07999999999487,
        179.6649999999936,
        200.2349999999928,
        215.5699999999929
    ],
    "successful_pushes": [
        0.0,
        0.0,
        0.0,
        0.0
    ],
    "collisions": [
        0.0,
        0.0,
        0.0,
        0.0
    ],
    "goals_reached": [
        0,
        0,
        0,
        0
    ],
    "box_detected": [
        63.6,
        60.6,
        65.2,
        68.3
    ],
    "train_loss": [
        0.5751161538596664,
        1.6075364791891746,
        1.6065550527930677,
        1.5436531491998657,
        1.7129060612276918,
        1.7718943441303137,
        1.787212040851324,
        1.7995860972484454,
        1.8209533333513535,
        1.7670984964619592,
        1.8618884143598786
    ],
    "train_avg_Q": [
        0.2298514185040923,
        0.11244146900364671,
        0.22558194067285375,
        0.3774861480436956,
        0.5372512188533692,
        0.7089352188138258,
        0.883619797641768,
        1.053070570487495,
        1.2288650855547474,
        1.3987283291271024,
        1.5686339217369498
    ],
    "train_max_Q": [
        5.473153591156006,
        11.000005722045898,
        14.367220878601074,
        16.665559768676758,
        16.702293395996094,
        17.016693115234375,
        16.943092346191406,
        16.48836326599121,
        15.738245010375977,
        17.13549041748047,
        17.692466735839844
    ]
}