{
    "avg_reward": [
        1629.4150000000066,
        2199.3049999999957,
        1763.630000000018,
        2165.075000000008,
        1660.4449999999972,
        1813.7650000000115
    ],
    "successful_pushes": [
        151.1,
        209.4,
        161.7,
        208.9,
        165.7,
        165.8
    ],
    "collisions": [
        130.0,
        193.2,
        156.3,
        193.6,
        132.9,
        169.0
    ],
    "goals_reached": [
        7,
        6,
        5,
        7,
        7,
        5
    ],
    "box_detected": [
        261.2,
        386.2,
        313.0,
        370.1,
        269.6,
        322.0
    ],
    "train_loss": [
        0.707609696142854,
        383.57365695790094,
        389.17510002944874,
        291.47540313954255,
        170.34180961566685,
        188.27989105571092,
        217.57939458692803,
        224.49032918026572,
        273.1489319284513,
        298.84659849895075,
        323.1109211976046,
        304.5875730818244,
        337.66380687064077,
        423.1979635885392,
        516.2560367451355,
        611.2793127675789,
        647.3470457287158,
        686.6336345514975,
        757.1019873062367,
        894.9711271550105,
        865.5084718817445,
        878.0376064277904,
        1066.982113045479,
        1069.5312853422179,
        1044.8455250564132,
        1203.795813369751,
        1199.7179430392305,
        1346.4656941140345,
        1217.8523397445679,
        1355.170940396081,
        1406.7234304795072,
        1554.3752007815806,
        1286.9847189941406,
        1420.459444974538,
        1540.1029788649623,
        1687.9430805930197
    ],
    "train_avg_Q": [
        2.7921824149035532,
        11.943307959708722,
        23.390099136950234,
        32.90748407792072,
        31.377883577024416,
        37.514907853898464,
        46.45646716386844,
        52.295093482837345,
        58.430825270514305,
        59.81877145570202,
        64.50972469112416,
        67.53506626445017,
        62.883000550736035,
        67.800268452743,
        70.31652681037849,
        75.3319935215678,
        78.00750236187952,
        81.46440758192834,
        84.80783658100263,
        87.34984236497145,
        89.44822807137825,
        84.14399302424714,
        87.75287941236536,
        92.75263551143583,
        95.00868117693558,
        96.70661561754015,
        99.82995068800314,
        103.03206843886265,
        103.37317091226578,
        105.03119415715638,
        110.01378941479318,
        110.6699384997113,
        111.82205413818359,
        114.33520049499951,
        116.23109055389338,
        117.95798785244224
    ],
    "train_max_Q": [
        6.474652290344238,
        500.0,
        500.0,
        500.0,
        500.0,
        500.0,
        500.0,
        500.0,
        500.0,
        500.0,
        507.2560729980469,
        532.3084716796875,
        616.0711059570312,
        678.4814453125,
        738.4426879882812,
        761.1924438476562,
        766.5611572265625,
        813.021728515625,
        820.6720581054688,
        840.5701293945312,
        865.5315551757812,
        922.2470703125,
        926.1220703125,
        932.9706420898438,
        940.7294311523438,
        953.585205078125,
        960.6483154296875,
        973.7177734375,
        950.5326538085938,
        990.3551025390625,
        1006.6029052734375,
        1015.270263671875,
        1018.697509765625,
        1033.1212158203125,
        1039.6307373046875,
        1040.73095703125
    ]
}