{
    "avg_reward": [
        0.9950000000000007,
        182.75499999999502,
        239.2349999999955,
        140.99000000000012,
        27.80000000000017,
        507.10999999999933,
        387.97999999999644
    ],
    "successful_pushes": [
        0.0,
        0.0,
        7.7,
        12.8,
        0.0,
        39.0,
        38.0
    ],
    "collisions": [
        0.0,
        0.0,
        6.4,
        7.1,
        0.0,
        28.5,
        24.1
    ],
    "goals_reached": [
        0,
        0,
        2,
        2,
        0,
        9,
        5
    ],
    "box_detected": [
        0.5,
        60.1,
        43.2,
        11.1,
        8.7,
        14.3,
        38.8
    ],
    "train_loss": [
        0.5059317970933678,
        0.7594680774033579,
        0.7238592555125555,
        0.6519614151295494,
        0.6303025165742094,
        1.167116640008869,
        1.6516882582844896,
        1.5915538848376727,
        1.5046990484987954,
        1.6215673461556435,
        1.6807739102479182,
        1.8884140097576638,
        1.2388057426402443,
        1.4640095707697747,
        1.360925488580357,
        1.1925809795657794,
        1.5467919979025335,
        0.9699498244694301,
        1.3424572916701436,
        1.399325105547905,
        1.1862572386579693,
        1.35855271119987,
        1.480086644836094,
        1.326171678506722,
        1.2095969817638397,
        1.43165471995699,
        1.4705630222765298,
        1.5034657321968063,
        1.6231113739005703,
        1.5394394307398689,
        1.5139935011093595,
        1.6542010411723518,
        1.5439863508498226,
        1.6106852390300268,
        1.5985754052130114,
        1.692702037038155,
        1.72872945481697,
        1.6072964766338123,
        1.7789233115143501,
        1.6979638292627819,
        1.7307521187740824,
        2.238161563873291,
        1.773406362868609,
        1.6747893794283715,
        1.6466992514821601,
        1.7983159638984858,
        1.6595190095179009,
        5.965837872449326,
        1.356900691986084,
        72.74593088411271,
        28.07629837978345,
        1.6658996831287036,
        34.83443662155535,
        28.60289836739665,
        36.93723353630666,
        2.1174950585968193,
        20.92108859657084,
        2.093778327755306,
        1.795377679169178,
        27.23451830676422,
        2.213714361190796,
        37.80673180955958,
        35.987274169921875,
        15.642740633962381,
        22.138672444409234,
        28.58639912456274,
        9.10684585571289,
        8.050611772904029,
        3.0778422355651855,
        36.26052228801994,
        2.364668607711792,
        39.73152822914512,
        38.01694107055664,
        47.10591367127478,
        33.440314547614065,
        11.358325958251953,
        63.38271804920799,
        10.369805335998535,
        92.52369327207698,
        403.88970947265625
    ],
    "train_avg_Q": [
        0.034617961432731305,
        0.04284691516485097,
        0.07257057403654067,
        0.038703004112261734,
        0.03487843785180964,
        0.09011603227562207,
        0.11767333703224055,
        0.4824528801644277,
        0.5677548628353395,
        0.6597070265561342,
        0.6468204422430559,
        0.6804618913194408,
        0.6639682085890519,
        0.6766215008802903,
        0.6820246495983817,
        0.6830729772647222,
        0.6833502606433981,
        0.6440057924815586,
        0.6920379912480712,
        0.6619367869461283,
        0.6551962978435013,
        0.6712588412044322,
        0.6675344127675761,
        0.6656129860271842,
        0.6519703629016876,
        0.6414446725413717,
        0.7193754110268223,
        0.7216172029163714,
        0.7419378278988707,
        0.685439097624477,
        0.6653042364964443,
        0.6467755633314962,
        0.6373558358225242,
        0.6516646236181259,
        0.6405026737381431,
        0.6914441908158145,
        0.7260340903712585,
        0.7731069502609861,
        0.8384289630043965,
        0.8595222633773998,
        0.9431678460128066,
        1.1726784706115723,
        0.9664838091957494,
        0.9885651964506657,
        1.01890510303286,
        0.9935309285657448,
        1.002488678151911,
        1.127014742805017,
        0.9315993785858154,
        1.3074036024986428,
        1.214563970382397,
        1.0632115512183218,
        1.2230445819417226,
        1.29121660301094,
        1.3883958088629174,
        1.2240293450739193,
        1.2761274130599012,
        1.316284021605616,
        1.4728450641036033,
        1.6000797793328054,
        2.887054920196533,
        2.3441233616886716,
        3.6113762855529785,
        2.1974372780161207,
        2.710140759640237,
        3.131109616458416,
        1.247976541519165,
        3.5783816365095285,
        2.5325376987457275,
        4.313458857784134,
        1.827769160270691,
        4.300653312788453,
        8.23636245727539,
        5.017205470232216,
        5.764855530518223,
        3.124508857727051,
        6.300478250411764,
        8.580479621887207,
        6.984858597464421,
        4.219689846038818
    ],
    "train_max_Q": [
        4.909374237060547,
        4.957572937011719,
        4.967121601104736,
        4.9698805809021,
        4.970862865447998,
        5.763667583465576,
        11.967556953430176,
        17.40753173828125,
        20.495643615722656,
        19.922637939453125,
        19.888031005859375,
        20.59026336669922,
        11.542706489562988,
        20.73668098449707,
        20.746591567993164,
        20.141143798828125,
        20.764469146728516,
        17.74623680114746,
        16.839033126831055,
        20.858047485351562,
        20.856632232666016,
        20.77448081970215,
        20.95193862915039,
        21.03925323486328,
        21.05386734008789,
        21.14804458618164,
        22.42083168029785,
        22.939678192138672,
        22.30232048034668,
        22.149639129638672,
        21.009077072143555,
        22.81265640258789,
        17.031129837036133,
        19.246734619140625,
        17.578990936279297,
        26.10129737854004,
        26.97636604309082,
        26.685476303100586,
        25.61298370361328,
        22.78343391418457,
        26.056777954101562,
        23.401546478271484,
        26.472997665405273,
        27.89935874938965,
        29.980064392089844,
        30.161670684814453,
        28.134912490844727,
        500.0,
        9.226977348327637,
        500.0,
        500.0,
        88.74443054199219,
        500.0,
        500.0,
        500.0,
        178.40245056152344,
        500.0,
        185.87310791015625,
        190.58168029785156,
        500.0,
        190.9691925048828,
        500.0,
        172.9076690673828,
        500.0,
        500.0,
        500.0,
        17.385408401489258,
        500.0,
        79.13008117675781,
        508.52435302734375,
        22.54342269897461,
        506.6282043457031,
        389.952880859375,
        700.0664672851562,
        800.993896484375,
        66.98670196533203,
        895.9736938476562,
        377.9214782714844,
        917.6998901367188,
        171.5996856689453
    ]
}