{
    "avg_reward": [
        1220.845000000002,
        1372.7350000000065,
        1336.7700000000023,
        1817.1100000000092,
        1137.1300000000015,
        1257.525000000003,
        1532.6250000000027,
        1595.7100000000044
    ],
    "successful_pushes": [
        141.5,
        186.5,
        158.6,
        253.2,
        133.5,
        153.7,
        190.9,
        195.6
    ],
    "collisions": [
        119.0,
        153.3,
        142.6,
        235.0,
        103.4,
        120.9,
        180.9,
        184.9
    ],
    "goals_reached": [
        9,
        8,
        9,
        10,
        8,
        8,
        10,
        10
    ],
    "box_detected": [
        157.3,
        198.3,
        180.2,
        268.8,
        150.5,
        174.5,
        210.5,
        223.4
    ],
    "train_loss": [
        1114.1289115688664,
        1072.3473879742564,
        1123.956557219726,
        852.9265608673096,
        1079.6293191278019,
        1202.246159652184,
        877.7758123519573,
        913.9642228844309,
        726.7980162866005,
        755.1544661919276,
        922.6168167096679,
        880.2625922056345,
        939.1131208325996,
        1108.516143824133,
        1135.2651379585266,
        1256.0314598328027,
        1378.709246135474,
        1451.4318663233475,
        1390.5018214761776,
        1475.9817799483196,
        1628.204336635402,
        1836.8628719303158,
        1755.885548190413,
        1538.9869516264132,
        1987.9267285223639,
        2019.4302621054483,
        2146.2475034814133,
        1918.6994239031258,
        2160.434725857764,
        2174.4888981053086,
        2238.800879293775,
        1913.6554684826253,
        2147.6874318335886,
        2192.6061841447777,
        2202.137449086823,
        2275.3552319290893,
        2292.8428701360554,
        2109.9778232781464,
        2118.899006407938,
        2078.5217870929896,
        1972.1605236816406,
        1745.2100756541793,
        2016.6788319232787,
        1818.876993464705,
        1926.81963863143,
        1609.0374549249684,
        1513.7188921146987,
        1614.4368650974372,
        1376.043029142681,
        1430.9881123527716,
        1297.3310716019348,
        1251.6492994259565,
        1233.765020959438,
        1256.6267222323158,
        1297.7848910936068,
        1259.684017912436,
        1238.0143256948775,
        1265.7999837518282,
        1229.8036392856027,
        1196.1698869593004,
        1167.70612100574,
        1146.5442531217777,
        1201.4035239995912,
        1139.384738092837,
        1151.6543417647708,
        1143.0275566768285,
        1120.5290307355074,
        1153.3043880651494,
        1128.359798778187,
        1118.8586028024051,
        1118.4003856373627,
        1119.1955386075106,
        1077.2143971136761,
        1127.0515659533048,
        1067.476423967524,
        1110.1875913506312,
        1116.2232093641494,
        1105.9321011247307,
        1100.8534238154557,
        1063.263862692492,
        1031.3279609827462,
        1014.7742604946872,
        1028.0244813257334,
        1049.4835156182558,
        1071.135735927484,
        1090.1863531655822,
        1020.7596871948242,
        1036.6751495567528,
        1016.8430075327556,
        1030.0360219246213,
        1010.4230751129518,
        1001.8073984268137,
        1011.7382716587612,
        1017.904667339903,
        1047.3260367711384,
        1064.5496724689976,
        1086.124683792324,
        1019.5035707587438,
        1054.887639957623,
        1092.6886738381622,
        1138.3598391608275,
        1071.0661911322145,
        1099.2911839786161,
        1130.2118191328204,
        1116.4145968077612,
        1086.9767287196619,
        1076.6498536609467,
        1094.6748915532344,
        1158.8861929272848,
        1088.2942583068343,
        1171.8531338036885
    ],
    "train_avg_Q": [
        11.48786492334795,
        16.44274824756687,
        20.820630506657096,
        24.363133949279785,
        29.68391945535076,
        33.18533218083123,
        34.52785065833559,
        37.84752485861627,
        40.96038844112606,
        46.05243897438049,
        49.53725002877723,
        56.69641770460667,
        60.33507103841813,
        65.29656363087112,
        70.49946682453155,
        72.69349099428226,
        79.77810782593338,
        83.51527175628881,
        84.07834506904992,
        87.90142561657593,
        88.55361172410308,
        91.64444727330775,
        93.97253225918473,
        96.19864555296859,
        103.90593715872298,
        109.21715068150233,
        113.74492823450188,
        116.06084904428256,
        120.09118298402767,
        124.14158098814917,
        123.84835636199466,
        126.11204028633786,
        128.3504174615919,
        133.84765496655046,
        139.8076696613067,
        144.76135014607897,
        147.3360592486987,
        154.4783624220264,
        158.67085883058147,
        161.834457124373,
        166.41414352416993,
        167.48270217098863,
        179.0290250034464,
        185.86188652440987,
        192.3251328295972,
        195.2070281856055,
        198.3330408606819,
        202.43865590217786,
        203.43903776469983,
        211.77058042091386,
        216.633453458635,
        219.63509321387434,
        224.4932218557039,
        223.79870221041892,
        224.62292854951852,
        229.92974922632092,
        233.6852149642816,
        230.77977533209813,
        237.6433891951604,
        243.66151486565084,
        247.96717085517838,
        249.70723948987003,
        253.02749449264172,
        251.81503688425258,
        254.4270693344443,
        257.26564385591803,
        257.1914920455839,
        259.4874123047681,
        263.2979083205714,
        265.0479960352294,
        266.5235789291086,
        269.73467911715716,
        275.9199825245551,
        275.716453150699,
        276.5139885069068,
        278.9196688418357,
        283.2280027940538,
        282.0268857232455,
        285.86921439364784,
        288.12640446962433,
        294.41070108892376,
        291.63814978643296,
        294.45501890164803,
        302.90009261494845,
        306.76198120117186,
        309.08126982632064,
        310.5577303059896,
        311.73206566475534,
        314.0450580596924,
        320.2912137689143,
        321.8664334461871,
        323.73189095134285,
        328.773637008667,
        331.7283807927912,
        333.8791622161865,
        336.79458997808575,
        340.85561318388153,
        344.6507332909186,
        344.94879768538647,
        350.1202738714622,
        355.24639577963916,
        362.7906040321402,
        367.18387702612387,
        373.152177967009,
        370.4338379906826,
        369.95321321075176,
        371.3845677451482,
        373.8710116754213,
        373.6431154523577,
        377.413521758781,
        376.35017795826434
    ],